frequency_start[GHz],frequency_end[GHz],r_step210_LFA_start,r_step210_LFA_end,r_step216_LFA_start,r_step216_LFA_end,r_step222_LFA_start,r_step222_LFA_end,r_step228_LFA_start,r_step228_LFA_end,r_step235_LFA_start,r_step235_LFA_end,r_step241_LFA_start,r_step241_LFA_end,r_step248_LFA_start,r_step248_LFA_end,r_step256_LFA_start,r_step256_LFA_end,r_step263_LFA_start,r_step263_LFA_end,r_step270_LFA_start,r_step270_LFA_end,r_step278_LFA_start,r_step278_LFA_end,r_step286_LFA_start,r_step286_LFA_end,r_step294_LFA_start,r_step294_LFA_end,r_step303_LFA_start,r_step303_LFA_end,r_step312_LFA_start,r_step312_LFA_end,r_step210_HFA_start,r_step210_HFA_end,r_step216_HFA_start,r_step216_HFA_end,r_step222_HFA_start,r_step222_HFA_end,r_step228_HFA_start,r_step228_HFA_end,r_step235_HFA_start,r_step235_HFA_end,r_step241_HFA_start,r_step241_HFA_end,r_step248_HFA_start,r_step248_HFA_end,r_step256_HFA_start,r_step256_HFA_end,r_step263_HFA_start,r_step263_HFA_end,r_step270_HFA_start,r_step270_HFA_end,r_step278_HFA_start,r_step278_HFA_end,r_step286_HFA_start,r_step286_HFA_end,r_step294_HFA_start,r_step294_HFA_end,r_step303_HFA_start,r_step303_HFA_end,r_step312_HFA_start,r_step312_HFA_end
210.12,212.2212,0.0007575441601094,0.0032457071183139,nan,nan,nan,nan,nan,nan,nan,nan,nan,nan,nan,nan,nan,nan,nan,nan,nan,nan,nan,nan,nan,nan,nan,nan,nan,nan,nan,nan,nan,nan,nan,nan,nan,nan,nan,nan,nan,nan,nan,nan,nan,nan,nan,nan,nan,nan,nan,nan,nan,nan,nan,nan,nan,nan,nan,nan,nan,nan
212.2212,214.343412,0.0032457071183139,0.0045198800691004,nan,nan,nan,nan,nan,nan,nan,nan,nan,nan,nan,nan,nan,nan,nan,nan,nan,nan,nan,nan,nan,nan,nan,nan,nan,nan,nan,nan,nan,nan,nan,nan,nan,nan,nan,nan,nan,nan,nan,nan,nan,nan,nan,nan,nan,nan,nan,nan,nan,nan,nan,nan,nan,nan,nan,nan,nan,nan
214.343412,216.48684612,0.0045198800691004,0.0055007491934333,0.0,0.0015034600016793,nan,nan,nan,nan,nan,nan,nan,nan,nan,nan,nan,nan,nan,nan,nan,nan,nan,nan,nan,nan,nan,nan,nan,nan,nan,nan,nan,nan,nan,nan,nan,nan,nan,nan,nan,nan,nan,nan,nan,nan,nan,nan,nan,nan,nan,nan,nan,nan,nan,nan,nan,nan,nan,nan,nan,nan
216.48684612,218.6517145812,0.0055007491934333,0.0063262673100575,0.0015034600016793,0.0034942758923369,nan,nan,nan,nan,nan,nan,nan,nan,nan,nan,nan,nan,nan,nan,nan,nan,nan,nan,nan,nan,nan,nan,nan,nan,nan,nan,nan,nan,nan,nan,nan,nan,nan,nan,nan,nan,nan,nan,nan,nan,nan,nan,nan,nan,nan,nan,nan,nan,nan,nan,nan,nan,nan,nan,nan,nan
218.6517145812,220.838231727012,0.0063262673100575,0.0070512290801914,0.0034942758923369,0.0047003766187004,nan,nan,nan,nan,nan,nan,nan,nan,nan,nan,nan,nan,nan,nan,nan,nan,nan,nan,nan,nan,nan,nan,nan,nan,nan,nan,nan,nan,nan,nan,nan,nan,nan,nan,nan,nan,nan,nan,nan,nan,nan,nan,nan,nan,nan,nan,nan,nan,nan,nan,nan,nan,nan,nan,nan,nan
220.838231727012,223.0466140442821,0.0070512290801914,0.0077040917246261,0.0047003766187004,0.0056490163964864,0.0,0.0021721798792075,nan,nan,nan,nan,nan,nan,nan,nan,nan,nan,nan,nan,nan,nan,nan,nan,nan,nan,nan,nan,nan,nan,nan,nan,nan,nan,nan,nan,nan,nan,nan,nan,nan,nan,nan,nan,nan,nan,nan,nan,nan,nan,nan,nan,nan,nan,nan,nan,nan,nan,nan,nan,nan,nan
223.0466140442821,225.27708018472487,0.0077040917246261,0.0083018985331775,0.0056490163964864,0.0064547476815587,0.0021721798792075,0.0038277473576351,nan,nan,nan,nan,nan,nan,nan,nan,nan,nan,nan,nan,nan,nan,nan,nan,nan,nan,nan,nan,nan,nan,nan,nan,nan,nan,nan,nan,nan,nan,nan,nan,nan,nan,nan,nan,nan,nan,nan,nan,nan,nan,nan,nan,nan,nan,nan,nan,nan,nan,nan,nan,nan,nan
225.27708018472487,227.52985098657217,0.0083018985331775,0.0088558212468763,0.0064547476815587,0.0071659577980893,0.0038277473576351,0.0049516667743178,nan,nan,nan,nan,nan,nan,nan,nan,nan,nan,nan,nan,nan,nan,nan,nan,nan,nan,nan,nan,nan,nan,nan,nan,nan,nan,nan,nan,nan,nan,nan,nan,nan,nan,nan,nan,nan,nan,nan,nan,nan,nan,nan,nan,nan,nan,nan,nan,nan,nan,nan,nan,nan,nan
227.52985098657217,229.8051494964379,0.0088558212468763,0.0093736572692725,0.0071659577980893,0.007808534060889,0.0049516667743178,0.0058583865414667,0.0,0.0028112001201643,nan,nan,nan,nan,nan,nan,nan,nan,nan,nan,nan,nan,nan,nan,nan,nan,nan,nan,nan,nan,nan,nan,nan,nan,nan,nan,nan,nan,nan,nan,nan,nan,nan,nan,nan,nan,nan,nan,nan,nan,nan,nan,nan,nan,nan,nan,nan,nan,nan,nan,nan,nan
229.8051494964379,232.10320099140228,0.0093736572692725,0.0098611069871811,0.007808534060889,0.0083982614087348,0.0058583865414667,0.0066375434487945,0.0028112001201643,0.0042207834560409,nan,nan,nan,nan,nan,nan,nan,nan,nan,nan,nan,nan,nan,nan,nan,nan,nan,nan,nan,nan,nan,nan,nan,nan,nan,nan,nan,nan,nan,nan,nan,nan,nan,nan,nan,nan,nan,nan,nan,nan,nan,nan,nan,nan,nan,nan,nan,nan,nan,nan,nan,nan
232.10320099140228,234.4242330013163,0.0098611069871811,0.0103224891194508,0.0083982614087348,0.0089456129670218,0.0066375434487945,0.0073299482373694,0.0042207834560409,0.0052594043646262,nan,nan,nan,nan,nan,nan,nan,nan,nan,nan,nan,nan,nan,nan,nan,nan,nan,nan,nan,nan,nan,nan,nan,nan,nan,nan,nan,nan,nan,nan,nan,nan,nan,nan,nan,nan,nan,nan,nan,nan,nan,nan,nan,nan,nan,nan,nan,nan,nan,nan,nan,nan
234.4242330013163,236.76847533132948,0.0103224891194508,0.0107611697065618,0.0089456129670218,0.0094579629668218,0.0073299482373694,0.0079582934576226,0.0052594043646262,0.0061189930234104,0.0,0.0027411866737748,nan,nan,nan,nan,nan,nan,nan,nan,nan,nan,nan,nan,nan,nan,nan,nan,nan,nan,nan,nan,nan,nan,nan,nan,nan,nan,nan,nan,nan,nan,nan,nan,nan,nan,nan,nan,nan,nan,nan,nan,nan,nan,nan,nan,nan,nan,nan,nan,nan,nan
236.76847533132948,239.1361600846428,0.0107611697065618,0.0111798335458611,0.0094579629668218,0.0099407384531341,0.0079582934576226,0.0085367518408069,0.0061189930234104,0.006867132107512,0.0027411866737748,0.0041747874317071,nan,nan,nan,nan,nan,nan,nan,nan,nan,nan,nan,nan,nan,nan,nan,nan,nan,nan,nan,nan,nan,nan,nan,nan,nan,nan,nan,nan,nan,nan,nan,nan,nan,nan,nan,nan,nan,nan,nan,nan,nan,nan,nan,nan,nan,nan,nan,nan,nan,nan
239.1361600846428,241.5275216854892,0.0111798335458611,0.013,0.0099407384531341,0.0103980726302874,0.0085367518408069,0.0090748830122899,0.006867132107512,0.0075371005431437,0.0041747874317071,0.0052228095765125,0.0,0.0014816522328542,nan,nan,nan,nan,nan,nan,nan,nan,nan,nan,nan,nan,nan,nan,nan,nan,nan,nan,nan,nan,nan,nan,nan,nan,nan,nan,nan,nan,nan,nan,nan,nan,nan,nan,nan,nan,nan,nan,nan,nan,nan,nan,nan,nan,nan,nan,nan,nan
241.5275216854892,243.9427969023441,nan,nan,0.0103980726302874,0.0108332005843055,0.0090748830122899,0.0095794996373085,0.0075371005431437,0.0081482198661165,0.0052228095765125,0.0060877778631907,0.0014816522328542,0.0034850102730194,nan,nan,nan,nan,nan,nan,nan,nan,nan,nan,nan,nan,nan,nan,nan,nan,nan,nan,nan,nan,nan,nan,nan,nan,nan,nan,nan,nan,nan,nan,nan,nan,nan,nan,nan,nan,nan,nan,nan,nan,nan,nan,nan,nan,nan,nan,nan,nan
243.9427969023441,246.38222487136755,nan,nan,0.0108332005843055,0.013,0.0095794996373085,0.0100556619330661,0.0081482198661165,0.0087128972753534,0.0060877778631907,0.0068395186043484,0.0034850102730194,0.0046935383721146,nan,nan,nan,nan,nan,nan,nan,nan,nan,nan,nan,nan,nan,nan,nan,nan,nan,nan,nan,nan,nan,nan,nan,nan,nan,nan,nan,nan,nan,nan,nan,nan,nan,nan,nan,nan,nan,nan,nan,nan,nan,nan,nan,nan,nan,nan,nan,nan
246.38222487136755,248.84604712008124,nan,nan,nan,nan,0.0100556619330661,0.0105072519337906,0.0087128972753534,0.0092396660901695,0.0068395186043484,0.0075121190865905,0.0046935383721146,0.0056433656722142,0.0,0.0018487806273278,nan,nan,nan,nan,nan,nan,nan,nan,nan,nan,nan,nan,nan,nan,nan,nan,nan,nan,nan,nan,nan,nan,nan,nan,nan,nan,nan,nan,nan,nan,nan,nan,nan,nan,nan,nan,nan,nan,nan,nan,nan,nan,nan,nan,nan,nan
248.84604712008124,251.3345075912821,nan,nan,nan,nan,0.0105072519337906,0.0109373261555647,0.0092396660901695,0.0097346961033819,0.0075121190865905,0.0081252730600743,0.0056433656722142,0.0064498359303356,0.0018487806273278,0.0036551186576654,nan,nan,nan,nan,nan,nan,nan,nan,nan,nan,nan,nan,nan,nan,nan,nan,nan,nan,nan,nan,nan,nan,nan,nan,nan,nan,nan,nan,nan,nan,nan,nan,nan,nan,nan,nan,nan,nan,nan,nan,nan,nan,nan,nan,nan,nan
251.3345075912821,253.84785266719487,nan,nan,nan,nan,0.0109373261555647,0.013,0.0097346961033819,0.0102026215016034,0.0081252730600743,0.0086915861891888,0.0064498359303356,0.0071615634711758,0.0036551186576654,0.0048203557998659,nan,nan,nan,nan,nan,nan,nan,nan,nan,nan,nan,nan,nan,nan,nan,nan,nan,nan,nan,nan,nan,nan,nan,nan,nan,nan,nan,nan,nan,nan,nan,nan,nan,nan,nan,nan,nan,nan,nan,nan,nan,nan,nan,nan,nan,nan
253.84785266719487,256.3863311938668,nan,nan,nan,nan,nan,nan,0.0102026215016034,0.0106470292648892,0.0086915861891888,0.009219708602969,0.0071615634711758,0.0078045286157627,0.0048203557998659,0.0057485709556835,0.0,0.0012306012727374,nan,nan,nan,nan,nan,nan,nan,nan,nan,nan,nan,nan,nan,nan,nan,nan,nan,nan,nan,nan,nan,nan,nan,nan,nan,nan,nan,nan,nan,nan,nan,nan,nan,nan,nan,nan,nan,nan,nan,nan,nan,nan,nan,nan
256.3863311938668,258.9501945058055,nan,nan,nan,nan,nan,nan,0.0106470292648892,0.0110707641861265,0.009219708602969,0.0097158839357444,0.0078045286157627,0.0083945624198239,0.0057485709556835,0.0065414732606536,0.0012306012727374,0.0033865753862415,nan,nan,nan,nan,nan,nan,nan,nan,nan,nan,nan,nan,nan,nan,nan,nan,nan,nan,nan,nan,nan,nan,nan,nan,nan,nan,nan,nan,nan,nan,nan,nan,nan,nan,nan,nan,nan,nan,nan,nan,nan,nan,nan,nan
258.9501945058055,261.5396964508635,nan,nan,nan,nan,nan,nan,0.0110707641861265,0.013,0.0097158839357444,0.0101847956543062,0.0083945624198239,0.0089421638281377,0.0065414732606536,0.0072436530791837,0.0033865753862415,0.0046214057087277,nan,nan,nan,nan,nan,nan,nan,nan,nan,nan,nan,nan,nan,nan,nan,nan,nan,nan,nan,nan,nan,nan,nan,nan,nan,nan,nan,nan,nan,nan,nan,nan,nan,nan,nan,nan,nan,nan,nan,nan,nan,nan,nan,nan
261.5396964508635,264.15509341537216,nan,nan,nan,nan,nan,nan,nan,nan,0.0101847956543062,0.0106300650596399,0.0089421638281377,0.0094547228060763,0.0072436530791837,0.0078794192669476,0.0046214057087277,0.0055839178276308,0.0,0.0020968521028491,nan,nan,nan,nan,nan,nan,nan,nan,nan,nan,nan,nan,nan,nan,nan,nan,nan,nan,nan,nan,nan,nan,nan,nan,nan,nan,nan,nan,nan,nan,nan,nan,nan,nan,nan,nan,nan,nan,nan,nan,nan,nan
264.15509341537216,266.7966443495259,nan,nan,nan,nan,nan,nan,nan,nan,0.0106300650596399,0.0110545616846332,0.0094547228060763,0.0099376766084365,0.0078794192669476,0.0084637671673802,0.0055839178276308,0.006398234247608,0.0020968521028491,0.0037857898330274,nan,nan,nan,nan,nan,nan,nan,nan,nan,nan,nan,nan,nan,nan,nan,nan,nan,nan,nan,nan,nan,nan,nan,nan,nan,nan,nan,nan,nan,nan,nan,nan,nan,nan,nan,nan,nan,nan,nan,nan,nan,nan
266.7966443495259,269.4646107930212,nan,nan,nan,nan,nan,nan,nan,nan,0.0110545616846332,0.013,0.0099376766084365,0.0103951653936418,0.0084637671673802,0.009006725193319,0.006398234247608,0.0071154372226378,0.0037857898330274,0.0049195204676222,nan,nan,nan,nan,nan,nan,nan,nan,nan,nan,nan,nan,nan,nan,nan,nan,nan,nan,nan,nan,nan,nan,nan,nan,nan,nan,nan,nan,nan,nan,nan,nan,nan,nan,nan,nan,nan,nan,nan,nan,nan,nan
269.4646107930212,272.1592569009514,nan,nan,nan,nan,nan,nan,nan,nan,nan,nan,0.0103951653936418,0.0108304291707453,0.009006725193319,0.0095153953934293,0.0071154372226378,0.0077625087271559,0.0049195204676222,0.0058314222145259,0.0,0.0028252605921102,nan,nan,nan,nan,nan,nan,nan,nan,nan,nan,nan,nan,nan,nan,nan,nan,nan,nan,nan,nan,nan,nan,nan,nan,nan,nan,nan,nan,nan,nan,nan,nan,nan,nan,nan,nan,nan,nan,nan,nan
272.1592569009514,274.88084946996094,nan,nan,nan,nan,nan,nan,nan,nan,nan,nan,0.0108304291707453,0.013,0.0095153953934293,0.0099950276146188,0.0077625087271559,0.0083557736958332,0.0058314222145259,0.0066139157085579,0.0028252605921102,0.004230099113159,nan,nan,nan,nan,nan,nan,nan,nan,nan,nan,nan,nan,nan,nan,nan,nan,nan,nan,nan,nan,nan,nan,nan,nan,nan,nan,nan,nan,nan,nan,nan,nan,nan,nan,nan,nan,nan,nan,nan,nan
274.88084946996094,277.62965796466057,nan,nan,nan,nan,nan,nan,nan,nan,nan,nan,nan,nan,0.0099950276146188,0.0104496340549279,0.0083557736958332,0.0089060065368793,0.0066139157085579,0.0073087027781307,0.004230099113159,0.0052668335967368,nan,nan,nan,nan,nan,nan,nan,nan,nan,nan,nan,nan,nan,nan,nan,nan,nan,nan,nan,nan,nan,nan,nan,nan,nan,nan,nan,nan,nan,nan,nan,nan,nan,nan,nan,nan,nan,nan,nan,nan
277.62965796466057,280.4059545443072,nan,nan,nan,nan,nan,nan,nan,nan,nan,nan,nan,nan,0.0104496340549279,0.0108823639564333,0.0089060065368793,0.009420764625636,0.0073087027781307,0.0079388612800888,0.0052668335967368,0.006125337210806,0.0,0.0029382684310239,nan,nan,nan,nan,nan,nan,nan,nan,nan,nan,nan,nan,nan,nan,nan,nan,nan,nan,nan,nan,nan,nan,nan,nan,nan,nan,nan,nan,nan,nan,nan,nan,nan,nan,nan,nan,nan,nan
280.4059545443072,283.21001408975025,nan,nan,nan,nan,nan,nan,nan,nan,nan,nan,nan,nan,0.0108823639564333,0.013,0.009420764625636,0.0099055936231082,0.0079388612800888,0.0085187613845246,0.006125337210806,0.0068727479433909,0.0029382684310239,0.0043058960738937,nan,nan,nan,nan,nan,nan,nan,nan,nan,nan,nan,nan,nan,nan,nan,nan,nan,nan,nan,nan,nan,nan,nan,nan,nan,nan,nan,nan,nan,nan,nan,nan,nan,nan,nan,nan,nan,nan
283.21001408975025,286.04211423064777,nan,nan,nan,nan,nan,nan,nan,nan,nan,nan,nan,nan,nan,nan,0.0099055936231082,0.0103647074057658,0.0085187613845246,0.0090580757562967,0.0068727479433909,0.0075421832532398,0.0043058960738937,0.0053274979625229,0.0,0.0003846228938724,nan,nan,nan,nan,nan,nan,nan,nan,nan,nan,nan,nan,nan,nan,nan,nan,nan,nan,nan,nan,nan,nan,nan,nan,nan,nan,nan,nan,nan,nan,nan,nan,nan,nan,nan,nan
286.04211423064777,288.9025353729543,nan,nan,nan,nan,nan,nan,nan,nan,nan,nan,nan,nan,nan,nan,0.0103647074057658,0.0108013981018955,0.0090580757562967,0.0095636870768101,0.0075421832532398,0.0081528900070679,0.0053274979625229,0.0061772297748422,0.0003846228938724,0.0031798579275848,nan,nan,nan,nan,nan,nan,nan,nan,nan,nan,nan,nan,nan,nan,nan,nan,nan,nan,nan,nan,nan,nan,nan,nan,nan,nan,nan,nan,nan,nan,nan,nan,nan,nan,nan,nan
288.9025353729543,291.7915607266838,nan,nan,nan,nan,nan,nan,nan,nan,nan,nan,nan,nan,nan,nan,0.0108013981018955,0.013,0.0095636870768101,0.0100407015627889,0.0081528900070679,0.0087172354795407,0.0061772297748422,0.0069187287019859,0.0031798579275848,0.0044731427906272,nan,nan,nan,nan,nan,nan,nan,nan,nan,nan,nan,nan,nan,nan,nan,nan,nan,nan,nan,nan,nan,nan,nan,nan,nan,nan,nan,nan,nan,nan,nan,nan,nan,nan,nan,nan
291.7915607266838,294.70947633395065,nan,nan,nan,nan,nan,nan,nan,nan,nan,nan,nan,nan,nan,nan,nan,nan,0.0100407015627889,0.0104930328874817,0.0087172354795407,0.0092437294461327,0.0069187287019859,0.0075838261527293,0.0044731427906272,0.0054626669134822,0.0,0.0015555695278138,nan,nan,nan,nan,nan,nan,nan,nan,nan,nan,nan,nan,nan,nan,nan,nan,nan,nan,nan,nan,nan,nan,nan,nan,nan,nan,nan,nan,nan,nan,nan,nan,nan,nan
294.70947633395065,297.65657109729017,nan,nan,nan,nan,nan,nan,nan,nan,nan,nan,nan,nan,nan,nan,nan,nan,0.0104930328874817,0.0109237601432246,0.0092437294461327,0.0097385267947797,0.0075838261527293,0.008191170383376,0.0054626669134822,0.0062934038791922,0.0015555695278138,0.0035168611894595,nan,nan,nan,nan,nan,nan,nan,nan,nan,nan,nan,nan,nan,nan,nan,nan,nan,nan,nan,nan,nan,nan,nan,nan,nan,nan,nan,nan,nan,nan,nan,nan,nan,nan
297.65657109729017,300.6331368082631,nan,nan,nan,nan,nan,nan,nan,nan,nan,nan,nan,nan,nan,nan,nan,nan,0.0109237601432246,0.013,0.0097385267947797,0.0102062517537351,0.008191170383376,0.0087528072459751,0.0062934038791922,0.0070219570396812,0.0035168611894595,0.0047170793120887,nan,nan,nan,nan,nan,nan,nan,nan,nan,nan,nan,nan,nan,nan,nan,nan,nan,nan,nan,nan,nan,nan,nan,nan,nan,nan,nan,nan,nan,nan,nan,nan,nan,nan
300.6331368082631,303.6394681763457,nan,nan,nan,nan,nan,nan,nan,nan,nan,nan,nan,nan,nan,nan,nan,nan,nan,nan,0.0102062517537351,0.0106504843613884,0.0087528072459751,0.0092770564025598,0.0070219570396812,0.0076774892929527,0.0047170793120887,0.0056628292957496,0.0,0.0014549127916785,nan,nan,nan,nan,nan,nan,nan,nan,nan,nan,nan,nan,nan,nan,nan,nan,nan,nan,nan,nan,nan,nan,nan,nan,nan,nan,nan,nan,nan,nan,nan,nan
303.6394681763457,306.6758628581092,nan,nan,nan,nan,nan,nan,nan,nan,nan,nan,nan,nan,nan,nan,nan,nan,nan,nan,0.0106504843613884,0.0110740644031101,0.0092770564025598,0.0097699521179045,0.0076774892929527,0.0082773838731576,0.0056628292957496,0.0064667591401277,0.0014549127916785,0.0034738011794736,nan,nan,nan,nan,nan,nan,nan,nan,nan,nan,nan,nan,nan,nan,nan,nan,nan,nan,nan,nan,nan,nan,nan,nan,nan,nan,nan,nan,nan,nan,nan,nan
306.6758628581092,309.74262148669027,nan,nan,nan,nan,nan,nan,nan,nan,nan,nan,nan,nan,nan,nan,nan,nan,nan,nan,0.0110740644031101,0.013,0.0097699521179045,0.0102360378893063,0.0082773838731576,0.0088329992083191,0.0064667591401277,0.0071767066493216,0.0034738011794736,0.0046852767834934,nan,nan,nan,nan,nan,nan,nan,nan,nan,nan,nan,nan,nan,nan,nan,nan,nan,nan,nan,nan,nan,nan,nan,nan,nan,nan,nan,nan,nan,nan,nan,nan
309.74262148669027,312.8400477015572,nan,nan,nan,nan,nan,nan,nan,nan,nan,nan,nan,nan,nan,nan,nan,nan,nan,nan,nan,nan,0.0102360378893063,0.010678837402327,0.0088329992083191,0.0093522449018418,0.0071767066493216,0.0078183333673914,0.0046852767834934,0.005636542217069,0.0,0.0016429274596914,nan,nan,nan,nan,nan,nan,nan,nan,nan,nan,nan,nan,nan,nan,nan,nan,nan,nan,nan,nan,nan,nan,nan,nan,nan,nan,nan,nan,nan,nan
312.8400477015572,315.9684481785728,nan,nan,nan,nan,nan,nan,nan,nan,nan,nan,nan,nan,nan,nan,nan,nan,nan,nan,nan,nan,0.010678837402327,0.0109729044662144,0.0093522449018418,0.0096931219240954,0.0078183333673914,0.0082305245987101,0.005636542217069,0.0062066055699241,0.0016429274596914,0.003095857688073,0.0,0.0017553255741005,nan,nan,nan,nan,nan,nan,nan,nan,nan,nan,nan,nan,nan,nan,nan,nan,nan,nan,0.0109729044662144,0.0111011497450801,0.0096931219240954,0.0098408933867212,0.0082305245987101,0.0084073120993224,0.0062066055699241,0.0064439063816343,0.003095857688073,0.0035561039974272
315.9684481785728,319.1281326603585,nan,nan,nan,nan,nan,nan,nan,nan,nan,nan,nan,nan,nan,nan,nan,nan,nan,nan,nan,nan,nan,nan,nan,nan,nan,nan,nan,nan,nan,nan,0.0017553255741005,0.0036090583613495,nan,nan,nan,nan,nan,nan,nan,nan,nan,nan,nan,nan,nan,nan,nan,nan,nan,nan,0.0111011497450801,0.013,0.0098408933867212,0.0103033120526787,0.0084073120993224,0.0089540531202132,0.0064439063816343,0.0071562594315244,0.0035561039974272,0.0047462149761215
319.1281326603585,322.3194139869621,nan,nan,nan,nan,nan,nan,nan,nan,nan,nan,nan,nan,nan,nan,nan,nan,nan,nan,nan,nan,nan,nan,nan,nan,nan,nan,nan,nan,nan,nan,0.0036090583613495,0.0047857562345973,nan,nan,nan,nan,nan,nan,nan,nan,nan,nan,nan,nan,nan,nan,nan,nan,nan,nan,nan,nan,0.0103033120526787,0.0107429011688287,0.0089540531202132,0.0094658923292577,0.0071562594315244,0.0077996944992189,0.0047462149761215,0.0056869604166299
322.3194139869621,325.54260812683174,nan,nan,nan,nan,nan,nan,nan,nan,nan,nan,nan,nan,nan,nan,nan,nan,nan,nan,nan,nan,nan,nan,nan,nan,nan,nan,nan,nan,nan,nan,0.0047857562345973,0.0057197827413499,0.0,0.002182860030424,nan,nan,nan,nan,nan,nan,nan,nan,nan,nan,nan,nan,nan,nan,nan,nan,nan,nan,0.0107429011688287,0.0111623704038775,0.0094658923292577,0.0099482318830957,0.0077996944992189,0.0083900985181331,0.0056869604166299,0.0064877598725854
325.54260812683174,328.79803420810003,nan,nan,nan,nan,nan,nan,nan,nan,nan,nan,nan,nan,nan,nan,nan,nan,nan,nan,nan,nan,nan,nan,nan,nan,nan,nan,nan,nan,nan,nan,0.0057197827413499,0.0065163581760104,0.002182860030424,0.003833778032718,nan,nan,nan,nan,nan,nan,nan,nan,nan,nan,nan,nan,nan,nan,nan,nan,nan,nan,0.0111623704038775,0.013,0.0099482318830957,0.0104051880259241,0.0083900985181331,0.0089380016946788,0.0064877598725854,0.0071955091156929
328.79803420810003,332.08601455018106,nan,nan,nan,nan,nan,nan,nan,nan,nan,nan,nan,nan,nan,nan,nan,nan,nan,nan,nan,nan,nan,nan,nan,nan,nan,nan,nan,nan,nan,nan,0.0065163581760104,0.0072211326850685,0.003833778032718,0.0049562991169455,nan,nan,nan,nan,nan,nan,nan,nan,nan,nan,nan,nan,nan,nan,nan,nan,nan,nan,nan,nan,0.0104051880259241,0.0108399838324639,0.0089380016946788,0.0094508130351396,0.0071955091156929,0.0078354805824057
332.08601455018106,335.40687469568286,nan,nan,nan,nan,nan,nan,nan,nan,nan,nan,nan,nan,nan,nan,nan,nan,nan,nan,nan,nan,nan,nan,nan,nan,nan,nan,nan,nan,nan,nan,0.0072211326850685,0.0078588601039823,0.0049562991169455,0.0058622763603264,0.0,0.0026867741861264,nan,nan,nan,nan,nan,nan,nan,nan,nan,nan,nan,nan,nan,nan,nan,nan,nan,nan,0.0108399838324639,0.013,0.0094508130351396,0.0099339821448642,0.0078354805824057,0.0084231531965069
335.40687469568286,338.7609434426397,nan,nan,nan,nan,nan,nan,nan,nan,nan,nan,nan,nan,nan,nan,nan,nan,nan,nan,nan,nan,nan,nan,nan,nan,nan,nan,nan,nan,nan,nan,0.0078588601039823,0.0084447597110265,0.0058622763603264,0.0066409539749006,0.0026867741861264,0.0041395000142235,nan,nan,nan,nan,nan,nan,nan,nan,nan,nan,nan,nan,nan,nan,nan,nan,nan,nan,nan,nan,0.0099339821448642,0.0103916575918784,0.0084231531965069,0.008968828327589
338.7609434426397,342.1485528770661,nan,nan,nan,nan,nan,nan,nan,nan,nan,nan,nan,nan,nan,nan,nan,nan,nan,nan,nan,nan,nan,nan,nan,nan,nan,nan,nan,nan,nan,nan,0.0084447597110265,0.0089889865558456,0.0066409539749006,0.0073330160560318,0.0041395000142235,0.0051948341058308,0.0,0.0006605097779273,nan,nan,nan,nan,nan,nan,nan,nan,nan,nan,nan,nan,nan,nan,nan,nan,nan,nan,0.0103916575918784,0.0108270853371789,0.008968828327589,0.0094797753497437
342.1485528770661,345.5700384058368,nan,nan,nan,nan,nan,nan,nan,nan,nan,nan,nan,nan,nan,nan,nan,nan,nan,nan,nan,nan,nan,nan,nan,nan,nan,nan,nan,nan,nan,nan,0.0089889865558456,0.00949872042231,0.0073330160560318,0.0079611001737551,0.0051948341058308,0.0060639544999416,0.0006605097779273,0.0032245814907267,nan,nan,nan,nan,nan,nan,nan,nan,nan,nan,nan,nan,nan,nan,nan,nan,nan,nan,0.0108270853371789,0.013,0.0094797753497437,0.0099613531741677
345.5700384058368,349.0257387898952,nan,nan,nan,nan,nan,nan,nan,nan,nan,nan,nan,nan,nan,nan,nan,nan,nan,nan,nan,nan,nan,nan,nan,nan,nan,nan,nan,nan,nan,nan,0.00949872042231,0.0099792618782027,0.0079611001737551,0.0085393508164829,0.0060639544999416,0.0068184642728305,0.0032245814907267,0.0045048345548803,nan,nan,nan,nan,nan,nan,nan,nan,nan,nan,nan,nan,nan,nan,nan,nan,nan,nan,nan,nan,0.0099613531741677,0.0104176485478353
349.0257387898952,352.51599617779414,nan,nan,nan,nan,nan,nan,nan,nan,nan,nan,nan,nan,nan,nan,nan,nan,nan,nan,nan,nan,nan,nan,nan,nan,nan,nan,nan,nan,nan,nan,0.0099792618782027,0.0104346578190884,0.0085393508164829,0.0090773114122422,0.0068184642728305,0.0074930835421633,0.0045048345548803,0.0054884755622352,0.0,0.0002135259662019,nan,nan,nan,nan,nan,nan,nan,nan,nan,nan,nan,nan,nan,nan,nan,nan,nan,nan,0.0104176485478353,0.010851863639443
352.51599617779414,356.0411561395721,nan,nan,nan,nan,nan,nan,nan,nan,nan,nan,nan,nan,nan,nan,nan,nan,nan,nan,nan,nan,nan,nan,nan,nan,nan,nan,nan,nan,nan,nan,0.0104346578190884,0.0108680821370171,0.0090773114122422,0.0095817845812213,0.0074930835421633,0.0081077956092225,0.0054884755622352,0.0063156694421238,0.0002135259662019,0.0031638319424061,nan,nan,nan,nan,nan,nan,nan,nan,nan,nan,nan,nan,nan,nan,nan,nan,nan,nan,0.010851863639443,0.013
356.0411561395721,359.6015677009678,nan,nan,nan,nan,nan,nan,nan,nan,nan,nan,nan,nan,nan,nan,nan,nan,nan,nan,nan,nan,nan,nan,nan,nan,nan,nan,nan,nan,nan,nan,0.0108680821370171,0.013,0.0095817845812213,0.0100578239348975,0.0081077956092225,0.0086753598997161,0.0063156694421238,0.0070417860239128,0.0031638319424061,0.0044618401347447,nan,nan,nan,nan,nan,nan,nan,nan,nan,nan,nan,nan,nan,nan,nan,nan,nan,nan,nan,nan
359.6015677009678,363.1975833779775,nan,nan,nan,nan,nan,nan,nan,nan,nan,nan,nan,nan,nan,nan,nan,nan,nan,nan,nan,nan,nan,nan,nan,nan,nan,nan,nan,nan,nan,nan,nan,nan,0.0100578239348975,0.0105093069605774,0.0086753598997161,0.0092045167825073,0.0070417860239128,0.0076955078405755,0.0044618401347447,0.0054534771380739,0.0,0.0021679224422239,nan,nan,nan,nan,nan,nan,nan,nan,nan,nan,nan,nan,nan,nan,nan,nan,nan,nan
363.1975833779775,366.82955921175727,nan,nan,nan,nan,nan,nan,nan,nan,nan,nan,nan,nan,nan,nan,nan,nan,nan,nan,nan,nan,nan,nan,nan,nan,nan,nan,nan,nan,nan,nan,nan,nan,0.0105093069605774,0.0109392869278702,0.0092045167825073,0.0097015668160039,0.0076955078405755,0.0082939869750858,0.0054534771380739,0.0062854820718057,0.0021679224422239,0.0038253489517687,nan,nan,nan,nan,nan,nan,nan,nan,nan,nan,nan,nan,nan,nan,nan,nan,nan,nan
366.82955921175727,370.4978548038749,nan,nan,nan,nan,nan,nan,nan,nan,nan,nan,nan,nan,nan,nan,nan,nan,nan,nan,nan,nan,nan,nan,nan,nan,nan,nan,nan,nan,nan,nan,nan,nan,0.0109392869278702,0.013,0.0097015668160039,0.0101712313943624,0.0082939869750858,0.0088484550067994,0.0062854820718057,0.0070149055463508,0.0038253489517687,0.004949825310296,nan,nan,nan,nan,nan,nan,nan,nan,nan,nan,nan,nan,nan,nan,nan,nan,nan,nan
370.4978548038749,374.2028333519136,nan,nan,nan,nan,nan,nan,nan,nan,nan,nan,nan,nan,nan,nan,nan,nan,nan,nan,nan,nan,nan,nan,nan,nan,nan,nan,nan,nan,nan,nan,nan,nan,nan,nan,0.0101712313943624,0.0106171581982137,0.0088484550067994,0.0093667453421661,0.0070149055463508,0.007671083686838,0.004949825310296,0.0058568405411719,0.0,0.0024332174413953,nan,nan,nan,nan,nan,nan,nan,nan,nan,nan,nan,nan,nan,nan,nan,nan
374.2028333519136,377.9448616854328,nan,nan,nan,nan,nan,nan,nan,nan,nan,nan,nan,nan,nan,nan,nan,nan,nan,nan,nan,nan,nan,nan,nan,nan,nan,nan,nan,nan,nan,nan,nan,nan,nan,nan,0.0106171581982137,0.0110422357556302,0.0093667453421661,0.0098545815055368,0.007671083686838,0.008271482820817,0.0058568405411719,0.0066361880845088,0.0024332174413953,0.0039806860559177,nan,nan,nan,nan,nan,nan,nan,nan,nan,nan,nan,nan,nan,nan,nan,nan
377.9448616854328,381.7243103022871,nan,nan,nan,nan,nan,nan,nan,nan,nan,nan,nan,nan,nan,nan,nan,nan,nan,nan,nan,nan,nan,nan,nan,nan,nan,nan,nan,nan,nan,nan,nan,nan,nan,nan,0.0110422357556302,0.013,0.0098545815055368,0.0103162978564947,0.008271482820817,0.0088275068800755,0.0066361880845088,0.0073287291482491,0.0039806860559177,0.0050700372215355,nan,nan,nan,nan,nan,nan,nan,nan,nan,nan,nan,nan,nan,nan,nan,nan
381.7243103022871,385.54155340531,nan,nan,nan,nan,nan,nan,nan,nan,nan,nan,nan,nan,nan,nan,nan,nan,nan,nan,nan,nan,nan,nan,nan,nan,nan,nan,nan,nan,nan,nan,nan,nan,nan,nan,nan,nan,0.0103162978564947,0.0107552714408729,0.0088275068800755,0.0093470927609099,0.0073287291482491,0.0079571781766205,0.0050700372215355,0.0059581087999053,0.0,0.0020050207020181,nan,nan,nan,nan,nan,nan,nan,nan,nan,nan,nan,nan,nan,nan
385.54155340531,389.3969689393631,nan,nan,nan,nan,nan,nan,nan,nan,nan,nan,nan,nan,nan,nan,nan,nan,nan,nan,nan,nan,nan,nan,nan,nan,nan,nan,nan,nan,nan,nan,nan,nan,nan,nan,nan,nan,0.0107552714408729,0.0111741950562018,0.0093470927609099,0.0098360303951432,0.0079571781766205,0.0085357191426109,0.0059581087999053,0.0067251376801324,0.0020050207020181,0.003736043423616,nan,nan,nan,nan,nan,nan,nan,nan,nan,nan,nan,nan,nan,nan
389.3969689393631,393.2909386287568,nan,nan,nan,nan,nan,nan,nan,nan,nan,nan,nan,nan,nan,nan,nan,nan,nan,nan,nan,nan,nan,nan,nan,nan,nan,nan,nan,nan,nan,nan,nan,nan,nan,nan,nan,nan,0.0111741950562018,0.013,0.0098360303951432,0.0102986989798393,0.0085357191426109,0.0090739181168301,0.0067251376801324,0.0074088321191022,0.003736043423616,0.0048815964551367,nan,nan,nan,nan,nan,nan,nan,nan,nan,nan,nan,nan,nan,nan
393.2909386287568,397.2238480150443,nan,nan,nan,nan,nan,nan,nan,nan,nan,nan,nan,nan,nan,nan,nan,nan,nan,nan,nan,nan,nan,nan,nan,nan,nan,nan,nan,nan,nan,nan,nan,nan,nan,nan,nan,nan,nan,nan,0.0102986989798393,0.0107385070799221,0.0090739181168301,0.0095785917607657,0.0074088321191022,0.0080305216340203,0.0048815964551367,0.0057996779082621,0.0,0.0026263501006174,nan,nan,nan,nan,nan,nan,nan,nan,nan,nan,nan,nan
397.2238480150443,401.1960864951948,nan,nan,nan,nan,nan,nan,nan,nan,nan,nan,nan,nan,nan,nan,nan,nan,nan,nan,nan,nan,nan,nan,nan,nan,nan,nan,nan,nan,nan,nan,nan,nan,nan,nan,nan,nan,nan,nan,0.0107385070799221,0.0111581703873186,0.0095785917607657,0.0100548029191559,0.0080305216340203,0.0086036735237882,0.0057996779082621,0.0065861313534365,0.0026263501006174,0.0041007985879661,nan,nan,nan,nan,nan,nan,nan,nan,nan,nan,nan,nan
401.1960864951948,405.20804736014674,nan,nan,nan,nan,nan,nan,nan,nan,nan,nan,nan,nan,nan,nan,nan,nan,nan,nan,nan,nan,nan,nan,nan,nan,nan,nan,nan,nan,nan,nan,nan,nan,nan,nan,nan,nan,nan,nan,0.0111581703873186,0.013,0.0100548029191559,0.0105064354346013,0.0086036735237882,0.0091374407487834,0.0065861313534365,0.0072837379016739,0.0041007985879661,0.0051642531782604,0.0,0.0007182754352366,nan,nan,nan,nan,nan,nan,nan,nan,nan,nan
405.20804736014674,409.2601278337482,nan,nan,nan,nan,nan,nan,nan,nan,nan,nan,nan,nan,nan,nan,nan,nan,nan,nan,nan,nan,nan,nan,nan,nan,nan,nan,nan,nan,nan,nan,nan,nan,nan,nan,nan,nan,nan,nan,nan,nan,0.0105064354346013,0.0109365471142121,0.0091374407487834,0.0096383828129366,0.0072837379016739,0.0079160385385458,0.0051642531782604,0.0060379521288502,0.0007182754352366,0.0032368263579741,nan,nan,nan,nan,nan,nan,nan,nan,nan,nan
409.2601278337482,413.3527291120857,nan,nan,nan,nan,nan,nan,nan,nan,nan,nan,nan,nan,nan,nan,nan,nan,nan,nan,nan,nan,nan,nan,nan,nan,nan,nan,nan,nan,nan,nan,nan,nan,nan,nan,nan,nan,nan,nan,nan,nan,0.0109365471142121,0.013,0.0096383828129366,0.0101113929647899,0.0079160385385458,0.0084976396311224,0.0060379521288502,0.0067955044258022,0.0032368263579741,0.00451354940209,nan,nan,nan,nan,nan,nan,nan,nan,nan,nan
413.3527291120857,417.48625640320654,nan,nan,nan,nan,nan,nan,nan,nan,nan,nan,nan,nan,nan,nan,nan,nan,nan,nan,nan,nan,nan,nan,nan,nan,nan,nan,nan,nan,nan,nan,nan,nan,nan,nan,nan,nan,nan,nan,nan,nan,nan,nan,0.0101113929647899,0.0105602380422489,0.0084976396311224,0.0090383486361069,0.0067955044258022,0.0074723370731441,0.00451354940209,0.0054955831999842,0.0,0.0010818924584197,nan,nan,nan,nan,nan,nan,nan,nan
417.48625640320654,421.6611189672386,nan,nan,nan,nan,nan,nan,nan,nan,nan,nan,nan,nan,nan,nan,nan,nan,nan,nan,nan,nan,nan,nan,nan,nan,nan,nan,nan,nan,nan,nan,nan,nan,nan,nan,nan,nan,nan,nan,nan,nan,nan,nan,0.0105602380422489,0.0108206155228181,0.0090383486361069,0.0093477910788191,0.0074723370731441,0.0078505123428338,0.0054955831999842,0.0060083113736063,0.0010818924584197,0.002680557863787,nan,nan,nan,nan,nan,nan,nan,nan
